{"LEFT_ELBOW": 173.68372024044209, "RIGHT_ELBOW": 172.8749836510983, "LEFT_SHOULDER": 32.474572601311515, "RIGHT_SHOULDER": 35.60489674281898, "LEFT_HIP": 178.6575139252203, "RIGHT_HIP": 173.11741850684817, "LEFT_KNEE": 72.31657308502795, "RIGHT_KNEE": 64.09986032095657, "LEFT_ANKLE": 155.1557636565949, "RIGHT_ANKLE": 124.21168869874312}