{
  "LEFT_SHOULDER": 167.94874843343837,
  "RIGHT_SHOULDER": 90,
  "LEFT_ELBOW": 177.49241042144948,
  "RIGHT_ELBOW": 174.94093671791668,
  "LEFT_HIP": 171.56309586859405,
  "RIGHT_HIP": 91.71340444778438,
  "LEFT_KNEE": 179.44813693011812,
  "RIGHT_KNEE": 166.41853360651336,
  "RIGHT_ANKLE": 117.09473642028846
}