{"LEFT_ELBOW": 151.1035837361874, "RIGHT_ELBOW": 163.1856903944924, "LEFT_SHOULDER": 155.40989791197003, "RIGHT_SHOULDER": 156.35859999350214, "LEFT_HIP": 24.76774519572608, "RIGHT_HIP": 25.859853875666577, "LEFT_KNEE": 24.560070913507456, "RIGHT_KNEE": 24.891405577749126}
