{
  "LEFT_SHOULDER": 36.7632899508808,
  "RIGHT_SHOULDER": 141.55064181071359,
  "LEFT_ELBOW": 161.27674878216135,
  "RIGHT_ELBOW": 166.87251928952278,
  "LEFT_HIP": 90,
  "RIGHT_HIP": 164.6919549016895,
  "LEFT_KNEE": 174.68886565610177,
  "RIGHT_KNEE": 175.97150686911513,
  "LEFT_ANKLE": 131.69255164362517
}