{"LEFT_ELBOW": 171.0965676708081, "RIGHT_ELBOW": 173.4910435594974, "LEFT_SHOULDER": 85.83040223638625, "RIGHT_SHOULDER": 94.73700178586309, "LEFT_HIP": 50.627970863020224, "RIGHT_HIP": 114.28819976045138, "LEFT_KNEE": 179.63080369167378, "RIGHT_KNEE": 172.6366569088943, "LEFT_ANKLE": 130.05955214481517, "RIGHT_ANKLE": 112.23643542958493, "LEG_ANKLE": 74.1374215246634}