{"LEFT_ELBOW": 171.84271748682355,
  "RIGHT_ELBOW": 174.0501168883376,
  "LEFT_SHOULDER": 82.19374792065264,
  "RIGHT_SHOULDER": 80.65102241071273,
  "LEFT_HIP": 174.6556865197698,
  "RIGHT_HIP": 178.06941255883305,
  "LEFT_KNEE": 178.79737162949507,
  "RIGHT_KNEE": 178.89118787224004,
  "LEFT_ANKLE": 171.2021828610576,
  "RIGHT_ANKLE": 179.3219750892495}