{
  "LEFT_SHOULDER": 48.1046738491326,
  "RIGHT_SHOULDER": 128.07278187399083,
  "LEFT_ELBOW": 159.5947989589224,
  "RIGHT_ELBOW": 154.32812915110998,
  "LEFT_HIP": 105,
  "RIGHT_HIP": 84.44536232610285,
  "LEFT_KNEE": 172.6319489283778,
  "RIGHT_KNEE": 173.0391638671144,
  "RIGHT_ANKLE": 165.71825570720824
}