{"LEFT_ELBOW": 171.35349485066038, "RIGHT_ELBOW": 165.26269762892318, "LEFT_SHOULDER": 167.15544652785462, "RIGHT_SHOULDER": 162.76216453084277, "LEFT_HIP": 74.34145226689498, "RIGHT_HIP": 72.54442175875091, "LEFT_KNEE": 178.8809371710195, "RIGHT_KNEE": 176.80686959856527, "LEFT_ANKLE": 168.6739596322481, "RIGHT_ANKLE": 165.35811545876663}