{
  "LEFT_SHOULDER": 85.95041829672863,
  "RIGHT_SHOULDER": 92.45228218507684,
  "LEFT_ELBOW": 168.14270396764707,
  "RIGHT_ELBOW": 165.7043791266769,
  "LEFT_HIP": 119.01567152555857,
  "RIGHT_HIP": 90.66659840607945,
  "LEFT_KNEE": 122.08947055859029,
  "RIGHT_KNEE": 118.08737153359043,
  "RIGHT_ANKLE": 100.02206777251546
}