{"LEFT_SHOULDER": 101.66976368059512, "RIGHT_SHOULDER": 98.17354511978289, "LEFT_HIP": 28.050089625542135, "RIGHT_HIP": 30.56410168522761, "LEFT_KNEE": 171.96235308049614, "RIGHT_KNEE": 173.18238158663675, "LEFT_ANKLE": 116.85290697333548, "RIGHT_ANKLE": 114.22651453583433}