{
  "LEFT_SHOULDER": 141.1226840217112,
  "RIGHT_SHOULDER": 37.200285345244204,
  "LEFT_ELBOW": 168.65110319861864,
  "RIGHT_ELBOW": 174.348996739072,
  "LEFT_HIP": 99.4749285399483,
  "RIGHT_HIP": 79.36572748112451,
  "LEFT_KNEE": 160.93235589525244,
  "RIGHT_KNEE": 160.7232977066909,
  "RIGHT_ANKLE": 155.98338129028235
}