{
  "LEFT_SHOULDER": 58.65228947533561,
  "RIGHT_SHOULDER": 125.50863225747337,
  "LEFT_ELBOW": 171.23184789371595,
  "RIGHT_ELBOW": 176.65790241908036,
  "LEFT_HIP": 172.20672279583405,
  "RIGHT_HIP": 142.37454266564836,
  "LEFT_KNEE": 35.285884654958515,
  "RIGHT_KNEE": 152.9618372463524,
  "RIGHT_ANKLE": 155.6908102936959
}