{
  "LEFT_ELBOW": 167.5348150780664,
  "RIGHT_ELBOW": 166.41537998019072,
  "LEFT_SHOULDER": 169.28626384494413,
  "RIGHT_SHOULDER": 163.2419210133652,
  "LEFT_HIP": 82.37890784209121,
  "RIGHT_HIP": 65.7621369170602,
  "LEFT_KNEE": 166.52746525331995,
  "RIGHT_KNEE": 168.20137348102494
}