{"LEFT_ELBOW": 166.46445080072507, "RIGHT_ELBOW": 164.26416115002147, "LEFT_SHOULDER": 166.01117382619103, "RIGHT_SHOULDER": 166.9835272009905, "LEFT_HIP": 81.71790016106699, "RIGHT_HIP": 125.36004491794976, "LEFT_KNEE": 75.01251697529815, "RIGHT_KNEE": 139.35217387130584}