{
  "LEFT_SHOULDER": 42.60734861402701,
  "RIGHT_SHOULDER": 140.61318870158428,
  "LEFT_ELBOW": 169.8859290040089,
  "RIGHT_ELBOW": 176.65745381531147,
  "LEFT_HIP": 102.43927489741223,
  "RIGHT_HIP": 71.07057988441245,
  "LEFT_KNEE": 179.06295529947883,
  "RIGHT_KNEE": 170.54956613948863,
  "RIGHT_ANKLE": 140.32554967893464
}