{
  "LEFT_SHOULDER": 10.959909947043101,
  "RIGHT_SHOULDER": 85,
  "LEFT_ELBOW": 177.6536479894288,
  "RIGHT_ELBOW": 172.02119556402585,
  "LEFT_HIP": 93.81407483429037,
  "RIGHT_HIP": 87.61405596961119,
  "LEFT_KNEE": 100.21561107444006,
  "RIGHT_KNEE": 89.84113965057571,
  "RIGHT_ANKLE": 163.27713120548
}